"File","Words","Chars","Paragraphs"
"capitulo1.md","1442","9459","234"
"capitulo2.md","2069","12971","275"
"capitulo3.md","1144","7064","131"
"capitulo4.md","882","5987","168"
"capitulo5.md","1341","8892","281"
"capitulo6.md","1391","9320","251"
"capitulo7.md","485","3214","89"
"capitulo8.md","1130","7209","188"
"capitulo9.md","1104","6930","173"
"capitulo10.md","875","5506","112"
"fichas_del_codigo_secreto.md","2359","15123","193"
"el_hacker_feroz.md","14222","91701","2086"
"Totals (capitulos + fichas)","14222","91675","2095"
